ClientID,Location,Grade,Variety,Intention Tonnage,Delivered,Balance,,Marketing Pool
163,Membury Store,GROUP 2 WINTER,Siskin,470.00,540.78,-70.78,,SS Direct Pricing
163,Membury Store,GROUP 4 SOFT,Belipi,200.00,207.94,-7.94,,SS Direct Pricing
163,Membury Store,OILSEED RAPE,Mxd OSR,125.00,121.94,3.06,,SS Direct Pricing
163,,FEED WHEAT,,0.00,13.58,-13.58,,
100,Membury Store,OILSEED RAPE,Mxd OSR,399.00,279.58,119.42,,SS Direct Pricing
100,Membury Store,GROUP 4 SOFT,Belipi,408.00,290.50,117.50,,SS Direct Pricing
100,Membury Store,GROUP 4 HARD,Crispin,"1,420.00","1,231.86",188.14,,SS Direct Pricing
210,Portbury Grain Terminal,FEED BARLEY,California,260.00,260.58,-0.58,,SS Long Pool
210,Membury Store,OILSEED RAPE,Mxd OSR,230.00,196.58,33.42,,SS Long Pool
210,A & M Turney,WARBURTONS,Crusoe,510.00,533.52,-23.52,,SS Long Pool
49,Membury Store,MALTING BARLEY SP,Propino,114.00,43.98,70.02,,SS Long Pool
49,Membury Store,GROUP 4 HARD,Costello,124.00,97.34,26.66,,SS Long Pool
49,,FEED WHEAT,,0.00,10.76,-10.76,,
142,Shrewton Store,BEANS WINTER,Tundra,110.00,128.26,-18.26,,SS Long Pool
212,Membury Store,GROUP 4 HARD,Costello,120.00,104.90,15.10,,SS Direct Pricing
212,Shrewton Store,OATS WINTER,Mascani,120.00,109.74,10.26,,SS Direct Pricing
360,Membury Store,MALTING BARLEY SP,Propino,250.00,489.82,-239.82,,CMG
360,Shrewton Store,MALTING BARLEY SP,Planet,250.00,367.74,-117.74,,CMG
6,Membury Store,GROUP 1 WINTER,Skyfall,250.00,325.56,-75.56,,SS Long Pool
2,Membury Store,OILSEED RAPE,Mxd OSR,120.00,136.70,-16.70,,SS Long Pool
2,Membury Store,PEAS,Unknown Peas,80.00,0.00,80.00,,SS Long Pool
369,Membury Store,MALTING BARLEY SP,Propino,650.00,465.98,184.02,,CMG
17,A & M Turney,WARBURTONS,Crusoe,390.00,320.00,70.00,,SS Long Pool
17,Shrewton Store,OILSEED RAPE,Mxd OSR,180.00,145.32,34.68,,SS Long Pool
17,Shrewton Store,BEANS SPRING,Vertigo,30.00,49.68,-19.68,,SS Long Pool
17,Shrewton Store,BEANS SPRING,Fury,90.00,58.88,31.12,,SS Long Pool
3,Membury Store,MALTING BARLEY W,Venture,135.00,124.72,10.28,,SS Long Pool
3,Membury Store,GROUP 3 SOFT,Basset,170.00,186.74,-16.74,,SS Long Pool
3,Membury Store,OILSEED RAPE,Mxd OSR,45.00,41.66,3.34,,SS Long Pool
9,Shrewton Store,MALTING BARLEY SP,Propino,250.00,0.00,250.00,,SS Long Pool
9,Shrewton Store,MALTING BARLEY SP,Planet,350.00,380.14,-30.14,,SS Long Pool
9,Shrewton Store,GROUP 4 HARD,JB Diego,270.00,112.14,157.86,,SS Long Pool
9,Shrewton Store,GROUP 4 HARD,Graham,500.00,0.00,500.00,,SS Long Pool
9,Shrewton Store,OILSEED RAPE,Mxd OSR,290.00,320.00,-30.00,,SS Long Pool
9,,OILSEED RAPE,,0.00,63.60,-63.60,,
9,,GROUP 4 HARD,,0.00,30.60,-30.60,,
10,A & M Turney,WARBURTONS,Crusoe,290.00,269.18,20.82,,SS Long Pool
10,Membury Store,OILSEED RAPE,Mxd OSR,205.00,189.70,15.30,,SS Long Pool
10,Membury Store,GROUP 1 WINTER,Crusoe,215.00,213.04,1.96,,SS Long Pool
335,Membury Store,MALTING BARLEY SP,Propino,320.00,210.62,109.38,,SS Long Pool
334,Membury Store,MALTING BARLEY SP,Propino,160.00,88.22,71.78,,SS Long Pool
334,Membury Store,GROUP 1 WINTER,Skyfall,203.00,178.56,24.44,,SS Long Pool
305,Membury Store,MALTING BARLEY SP,Propino,130.00,0.00,130.00,,SS Direct Pricing
305,Membury Store,GROUP 1 SPRING,Mulika,100.00,46.16,53.84,,SS Direct Pricing
305,,FEED BARLEY,,0.00,79.20,-79.20,,
15,A & M Turney,WARBURTONS,Skyfall,"1,015.00","1,028.76",-13.76,,SS Long Pool
390,Membury Store,MALTING BARLEY SP,Propino,260.00,128.90,131.10,,SS Long Pool
5,Membury Store,FEED BARLEY,Bazooka,80.00,141.98,-61.98,,SS Long Pool
5,Membury Store,MALTING BARLEY SP,Propino,120.00,58.42,61.58,,SS Long Pool
5,Membury Store,GROUP 1 WINTER,Crusoe,200.00,209.10,-9.10,,SS Long Pool
54,Membury Store,FEED BARLEY,Bazooka,150.00,142.86,7.14,,SS Direct Pricing
54,Shrewton Store,MALTING BARLEY SP,Planet,130.00,151.04,-21.04,,SS Direct Pricing
54,Membury Store,GROUP 1 WINTER,Crusoe,140.00,113.90,26.10,,SS Direct Pricing
54,Membury Store,GROUP 1 WINTER,Zyatt,40.00,60.04,-20.04,,SS Direct Pricing
54,Membury Store,GROUP 4 HARD,Costello,190.00,146.46,43.54,,SS Direct Pricing
54,Membury Store,GROUP 4 HARD,JB Diego,30.00,0.00,30.00,,SS Direct Pricing
54,Micheldever Store,OATS SPRING,Canyon,50.00,48.66,1.34,,SS Direct Pricing
54,Micheldever Store,OATS WINTER,Mascani,130.00,118.72,11.28,,SS Direct Pricing
54,,GROUP 4 HARD,,0.00,28.98,-28.98,,
54,,MALTING BARLEY SP,,0.00,25.84,-25.84,,
99,Membury Store,GROUP 1 WINTER,Crusoe,130.00,0.00,130.00,,SS Direct Pricing
99,Membury Store,GROUP 4 HARD,JB Diego,30.00,0.00,30.00,,SS Direct Pricing
99,Membury Store,GROUP 4 HARD,Marston,30.00,0.00,30.00,,SS Direct Pricing
99,Membury Store,GROUP 4 HARD,Costello,10.00,0.00,10.00,,SS Direct Pricing
99,Membury Store,OILSEED RAPE,Mxd OSR,60.00,0.00,60.00,,SS Direct Pricing
81,A & M Turney,WARBURTONS,Skyfall,130.00,119.52,10.48,,SS Long Pool
367,Micheldever Store,MALTING BARLEY SP,Irina,73.00,56.94,16.06,,SS Long Pool
367,Membury Store,GROUP 4 HARD,Costello,243.00,312.40,-69.40,,SS Long Pool
216,Membury Store,GROUP 4 HARD,JB Diego,100.00,119.84,-19.84,,SS Direct Pricing
388,Membury Store,GROUP 4 SOFT,Revelation,"1,000.00",706.04,293.96,,SS Long Pool
388,,FEED WHEAT,,0.00,30.38,-30.38,,
144,A & M Turney,WARBURTONS,Crusoe,150.00,148.06,1.94,,SS Long Pool
7,Membury Store,OILSEED RAPE,Mxd OSR,150.00,121.48,28.52,,SS Long Pool
4,Membury Store,GROUP 1 WINTER,Crusoe,475.00,292.80,182.20,,SS Long Pool
4,Membury Store,GROUP 3 SOFT,Basset,750.00,749.38,0.62,,SS Long Pool
4,Membury Store,OILSEED RAPE,Spring,100.00,258.14,-158.14,,SS Long Pool
4,Shrewton Store,OATS WINTER,Mascani,110.00,113.20,-3.20,,SS Long Pool
4,Shrewton Store,OATS SPRING,Yukon,215.00,197.18,17.82,,SS Long Pool
308,Membury Store,MALTING BARLEY SP,Propino,210.00,141.78,68.22,,SS Direct Pricing
308,Membury Store,GROUP 4 HARD,Costello,252.00,148.92,103.08,,SS Direct Pricing
14,,MALTING BARLEY SP,Propino,90.00,0.00,90.00,,SS Long Pool
11,A & M Turney,WARBURTONS,Crusoe,320.00,242.34,77.66,,SS Long Pool
11,Micheldever Store,OATS WINTER,Mascani,150.00,125.20,24.80,,SS Long Pool
240,Membury Store,GROUP 4 SOFT,Revelation,320.00,355.52,-35.52,,CMG
240,Membury Store,OILSEED RAPE,Mxd OSR,150.00,0.00,150.00,,CMG
310,Membury Store,GROUP 1 WINTER,Crusoe,590.00,580.61,9.39,,Members Choice
64,Shrewton Store,MALTING BARLEY SP,Planet,230.00,0.00,230.00,,SS Direct Pricing
64,Membury Store,GROUP 1 WINTER,Crusoe,400.00,650.40,-250.40,,SS Long Pool
64,Membury Store,GROUP 1 WINTER,Crusoe,230.00,0.00,230.00,,SS Direct Pricing
64,,FEED WHEAT,,0.00,27.26,-27.26,,
153,Membury Store,OILSEED RAPE,Mxd OSR,"7,900.00","7,450.97",449.03,,Members Choice
16,Membury Store,OILSEED RAPE,Mxd OSR,"7,250.00","7,409.16",-159.16,,Members Choice
13,Membury Store,OILSEED RAPE,Mxd OSR,135.00,386.18,-251.18,,Members Choice
453,Micheldever Store,GROUP 2 WINTER,Siskin,110.00,105.14,4.86,,SS Long Pool
431,Micheldever Store,GROUP 4 HARD,Graham,300.00,264.64,35.36,,SS Long Pool
431,Micheldever Store,MALTING BARLEY SP,Propino,170.00,132.08,37.92,,SS Long Pool
490,Micheldever Store,GROUP 1 WINTER,Skyfall,500.00,500.90,-0.90,,SS Long Pool
490,Micheldever Store,OATS WINTER,Mascani,150.00,0.00,150.00,,SS Long Pool
490,Micheldever Store,OATS WINTER,Mascani,0.00,606.90,-606.90,,SS Long Pool
496,Micheldever Store,GROUP 1 WINTER,Gallant,90.00,88.36,1.64,,SS Long Pool
496,Micheldever Store,FEED BARLEY,Cassia,170.00,115.46,54.54,,SS Long Pool
496,Micheldever Store,OILSEED RAPE,Mxd OSR,25.00,20.42,4.58,,SS Long Pool
496,,FEED WHEAT,,0.00,9.76,-9.76,,
510,Micheldever Store,GROUP 1 WINTER,Crusoe,230.00,217.18,12.82,,SS Long Pool
510,Micheldever Store,BEANS SPRING,Fury,97.00,93.86,3.14,,SS Long Pool
510,Micheldever Store,BEANS WINTER,Wizard,13.00,0.00,13.00,,SS Long Pool
400,Micheldever Store,GROUP 4 HARD,Costello,130.00,116.52,13.48,,SS Long Pool
400,Micheldever Store,FEED BARLEY,Orwell,200.00,232.46,-32.46,,SS Long Pool
400,Micheldever Store,OILSEED RAPE,Mxd OSR,70.00,29.38,40.62,,SS Long Pool
400,Micheldever Store,BEANS SPRING,Fury,100.00,31.04,68.96,,SS Long Pool
400,,OILSEED RAPE,,0.00,21.94,-21.94,,
416,Micheldever Store,GROUP 1 WINTER,Crusoe,200.00,195.26,4.74,,SS Long Pool
416,Micheldever Store,GROUP 2 WINTER,Siskin,228.00,203.64,24.36,,SS Long Pool
416,Micheldever Store,MALTING BARLEY SP,Propino,65.00,48.38,16.62,,SS Long Pool
416,Micheldever Store,BEANS WINTER,Tundra,45.00,17.72,27.28,,SS Long Pool
416,Micheldever Store,OILSEED RAPE,Spring,30.00,9.60,20.40,,SS Long Pool
416,Micheldever Store,OATS SPRING,Canyon,100.00,81.74,18.26,,SS Long Pool
416,Micheldever Store,FEED BARLEY,Bazooka,30.00,268.18,-238.18,,SS Long Pool
416,,FEED WHEAT,,0.00,23.74,-23.74,,
507,Micheldever Store,GROUP 4 HARD,Graham,560.00,596.76,-36.76,,SS Long Pool
507,Micheldever Store,MALTING BARLEY SP,Planet,560.00,220.42,339.58,,SS Long Pool
507,Micheldever Store,MALTING BARLEY SP,Propino,240.00,204.34,35.66,,SS Long Pool
507,Micheldever Store,BEANS WINTER,Tundra,200.00,138.22,61.78,,SS Long Pool
417,Micheldever Store,GROUP 4 SOFT,Sundance,0.00,0.00,0.00,,SS Long Pool
417,Micheldever Store,MALTING BARLEY SP,Propino,200.00,161.02,38.98,,SS Long Pool
475,Micheldever Store,MALTING BARLEY SP,Propino,60.00,205.80,-145.80,,SS Long Pool
475,,MALTING BARLEY SP,,0.00,28.76,-28.76,,
468,Micheldever Store,GROUP 1 WINTER,Zyatt,100.00,87.90,12.10,,SS Long Pool
468,Micheldever Store,GROUP 1 WINTER,Trinity,415.00,431.70,-16.70,,SS Long Pool
468,Micheldever Store,BEANS SPRING,Fanfare,29.00,15.26,13.74,,SS Long Pool
479,Micheldever Store,GROUP 1 WINTER,Zyatt,600.00,615.10,-15.10,,SS Long Pool
479,Micheldever Store,MALTING BARLEY SP,Propino,500.00,411.80,88.20,,SS Long Pool
403,Micheldever Store,GROUP 1 WINTER,Crusoe,350.00,349.78,0.22,,SS Long Pool
403,Micheldever Store,Linseed,Mxd Linseed,155.00,177.22,-22.22,,SS Long Pool
494,Micheldever Store,MALTING BARLEY SP,Propino,350.00,207.78,142.22,,SS Long Pool
429,Micheldever Store,GROUP 1 WINTER,Skyfall,120.00,77.86,42.14,,SS Long Pool
429,Micheldever Store,OATS WINTER,Mascani,30.00,21.32,8.68,,SS Long Pool
429,Micheldever Store,OILSEED RAPE,Mxd OSR,60.00,70.82,-10.82,,SS Long Pool
481,Micheldever Store,MALTING BARLEY SP,Planet,70.00,54.08,15.92,,SS Long Pool
481,Micheldever Store,BEANS SPRING,Fuego,50.00,31.74,18.26,,SS Long Pool
462,Micheldever Store,GROUP 1 WINTER,Skyfall,350.00,345.86,4.14,,SS Long Pool
462,Micheldever Store,OILSEED RAPE,Mxd OSR,350.00,346.42,3.58,,SS Long Pool
472,Micheldever Store,GROUP 1 WINTER,Skyfall,400.00,257.78,142.22,,SS Long Pool
472,Micheldever Store,MALTING BARLEY SP,Propino,560.00,464.46,95.54,,SS Long Pool
472,Micheldever Store,OILSEED RAPE,Mxd OSR,40.00,53.46,-13.46,,SS Long Pool
472,,FEED BARLEY,,0.00,37.96,-37.96,,
471,Micheldever Store,GROUP 1 WINTER,Skyfall,75.00,83.96,-8.96,,SS Long Pool
471,Micheldever Store,FEED BARLEY,Tower,120.00,134.42,-14.42,,SS Long Pool
471,Micheldever Store,MALTING BARLEY SP,Planet,110.00,104.10,5.90,,SS Long Pool
471,Micheldever Store,MALTING BARLEY SP,Propino,100.00,61.68,38.32,,SS Long Pool
471,Micheldever Store,OATS WINTER,Mascani,50.00,50.54,-0.54,,SS Long Pool
466,Micheldever Store,GROUP 1 WINTER,Crusoe,195.00,202.16,-7.16,,SS Long Pool
466,Micheldever Store,BEANS SPRING,Fuego,65.00,33.84,31.16,,SS Long Pool
466,Micheldever Store,OATS SPRING,Canyon,65.00,31.97,33.03,,SS Long Pool
412,Micheldever Store,MALTING BARLEY SP,Planet,650.00,637.20,12.80,,SS Long Pool
412,Micheldever Store,MALTING BARLEY SP,Propino,60.00,136.90,-76.90,,SS Long Pool
440,Micheldever Store,GROUP 1 WINTER,Crusoe,220.00,232.74,-12.74,,SS Long Pool
440,Micheldever Store,MALTING BARLEY SP,Planet,290.00,354.02,-64.02,,SS Long Pool
440,Micheldever Store,OATS WINTER,Mascani,220.00,232.60,-12.60,,SS Long Pool
491,Micheldever Store,GROUP 4 HARD,Costello,250.00,332.94,-82.94,,SS Long Pool
433,Micheldever Store,FEED BARLEY,Bazooka,150.00,149.08,0.92,,SS Long Pool
433,Micheldever Store,MALTING BARLEY SP,Planet,150.00,147.54,2.46,,SS Long Pool
433,Micheldever Store,GROUP 3 SOFT,Basset,60.00,86.92,-26.92,,SS Long Pool
444,Micheldever Store,GROUP 2 WINTER,Siskin,360.00,287.76,72.24,,SS Long Pool
444,Micheldever Store,MALTING BARLEY SP,Propino,440.00,29.12,410.88,,SS Long Pool
404,Micheldever Store,MALTING BARLEY SP,Planet,145.00,162.44,-17.44,,SS Long Pool
404,Micheldever Store,OILSEED RAPE,Mxd OSR,232.00,217.30,14.70,,SS Long Pool
404,,FEED BARLEY,,0.00,16.98,-16.98,,
454,Micheldever Store,GROUP 1 WINTER,Crusoe,400.00,451.26,-51.26,,SS Long Pool
454,Micheldever Store,MALTING BARLEY SP,Planet,400.00,281.72,118.28,,SS Long Pool
454,Micheldever Store,BEANS WINTER,Tundra,100.00,0.00,100.00,,SS Long Pool
454,Micheldever Store,BEANS SPRING,Fuego,100.00,53.56,46.44,,SS Long Pool
505,Micheldever Store,GROUP 2 WINTER,Siskin,380.00,87.26,292.74,,SS Long Pool
505,Micheldever Store,GROUP 4 HARD,Shabras,120.00,32.16,87.84,,SS Long Pool
505,,MXD HARD,,0.00,24.56,-24.56,,
438,Micheldever Store,GROUP 1 WINTER,Skyfall,460.00,409.14,50.86,,SS Long Pool
438,Micheldever Store,OILSEED RAPE,Mxd OSR,160.00,122.50,37.50,,SS Long Pool
438,,MXD HARD,,0.00,58.86,-58.86,,
426,Micheldever Store,GROUP 2 WINTER,Lili,400.00,329.74,70.26,,SS Long Pool
426,Micheldever Store,GROUP 1 WINTER,Crusoe,340.00,470.44,-130.44,,SS Long Pool
426,Micheldever Store,MALTING BARLEY SP,Propino,300.00,230.18,69.82,,SS Long Pool
426,Micheldever Store,OATS SPRING,Canyon,240.00,182.56,57.44,,SS Long Pool
415,Micheldever Store,GROUP 2 WINTER,Siskin,"1,400.00","1,721.52",-321.52,,SS Long Pool
415,Micheldever Store,MALTING BARLEY SP,Propino,850.00,862.68,-12.68,,SS Long Pool
415,Micheldever Store,FEED BARLEY,Bazooka,250.00,345.42,-95.42,,SS Long Pool
415,Micheldever Store,FEED BARLEY,Bazooka,100.00,0.00,100.00,,Members Choice
415,Micheldever Store,OILSEED RAPE,Mxd OSR,400.00,405.56,-5.56,,SS Long Pool
407,Micheldever Store,GROUP 1 WINTER,Crusoe,524.00,480.92,43.08,,SS Long Pool
407,Micheldever Store,FEED BARLEY,Belfry,426.00,330.52,95.48,,SS Long Pool
407,Micheldever Store,OILSEED RAPE,Mxd OSR,55.00,49.02,5.98,,SS Long Pool
424,Micheldever Store,GROUP 1 WINTER,Skyfall,85.00,88.12,-3.12,,SS Long Pool
424,Micheldever Store,MALTING BARLEY SP,Planet,50.00,57.74,-7.74,,SS Long Pool
406,Micheldever Store,GROUP 1 WINTER,Skyfall,160.00,141.50,18.50,,SS Long Pool
406,Micheldever Store,GROUP 2 WINTER,Cordialle,50.00,29.74,20.26,,SS Long Pool
406,Micheldever Store,GROUP 2 WINTER,Lili,800.00,938.94,-138.94,,SS Long Pool
406,Micheldever Store,MALTING BARLEY SP,Planet,960.00,852.72,107.28,,SS Long Pool
406,Micheldever Store,FEED BARLEY,Glacier,100.00,185.46,-85.46,,Members Choice
406,Micheldever Store,FEED BARLEY,Glacier,320.00,29.16,290.84,,SS Long Pool
406,Micheldever Store,OILSEED RAPE,Mxd OSR,110.00,106.76,3.24,,SS Long Pool
409,Micheldever Store,GROUP 4 HARD,Santiago,120.00,116.08,3.92,,SS Long Pool
409,Micheldever Store,MALTING BARLEY SP,Planet,30.00,0.00,30.00,,SS Long Pool
409,Shrewton Store,GROUP 4 HARD,Santiago,180.00,203.08,-23.08,,SS Long Pool
476,Micheldever Store,GROUP 1 WINTER,Skyfall,900.00,718.00,182.00,,SS Long Pool
476,Micheldever Store,MALTING BARLEY SP,Propino,280.00,0.00,280.00,,SS Long Pool
476,Micheldever Store,OILSEED RAPE,Mxd OSR,300.00,294.24,5.76,,SS Long Pool
476,Membury Store,FEED BARLEY,Bazooka,300.00,607.42,-307.42,,Members Choice
476,,FEED BARLEY,,0.00,29.56,-29.56,,
220,,OATS SPRING,,0.00,42.92,-42.92,,
402,Micheldever Store,OILSEED RAPE,Mxd OSR,174.00,161.26,12.74,,SS Long Pool
402,Micheldever Store,MALTING BARLEY SP,Planet,322.00,525.40,-203.40,,Members Choice
402,Micheldever Store,FEED BARLEY,Bazooka,60.00,473.66,-413.66,,SS Long Pool
405,Micheldever Store,GROUP 2 WINTER,Siskin,330.00,291.32,38.68,,SS Long Pool
405,Micheldever Store,OILSEED RAPE,Mxd OSR,150.00,128.36,21.64,,SS Long Pool
432,Micheldever Store,MALTING BARLEY SP,Planet,120.00,692.24,-572.24,,SS Long Pool
447,Micheldever Store,GROUP 1 WINTER,Zyatt,400.00,58.36,341.64,,SS Long Pool
447,Micheldever Store,GROUP 2 WINTER,Cordialle,200.00,521.74,-321.74,,SS Long Pool
447,Micheldever Store,OILSEED RAPE,Mxd OSR,100.00,103.98,-3.98,,SS Long Pool
457,Micheldever Store,GROUP 1 WINTER,Crusoe,360.00,313.70,46.30,,SS Long Pool
457,Micheldever Store,MALTING BARLEY SP,Propino,50.00,29.38,20.62,,SS Long Pool
500,Micheldever Store,GROUP 1 SPRING,Mulika,200.00,110.36,89.64,,SS Long Pool
500,Micheldever Store,MALTING BARLEY SP,Propino,250.00,246.10,3.90,,SS Long Pool
500,Micheldever Store,BEANS WINTER,Tundra,100.00,74.66,25.34,,SS Long Pool
410,Micheldever Store,GROUP 3 SOFT,Basset,432.00,168.02,263.98,,SS Long Pool
410,Micheldever Store,GROUP 4 HARD,Costello,443.00,960.68,-517.68,,SS Long Pool
410,Shrewton Store,MALTING BARLEY SP,Planet,287.00,117.70,169.30,,SS Long Pool
410,Shrewton Store,MALTING BARLEY SP,Propino,504.00,344.60,159.40,,SS Long Pool
410,Micheldever Store,FEED BARLEY,Orwell,353.00,392.12,-39.12,,SS Long Pool
410,Micheldever Store,OILSEED RAPE,Mxd OSR,431.00,434.64,-3.64,,SS Long Pool
410,Micheldever Store,MALTING BARLEY SP,Propino,120.00,268.14,-148.14,,SS Long Pool
439,Micheldever Store,GROUP 4 SOFT,Revelation,230.00,441.52,-211.52,,SS Long Pool
439,Micheldever Store,FEED BARLEY,Bazooka,280.00,245.24,34.76,,SS Long Pool
439,Micheldever Store,BEANS WINTER,Tundra,230.00,190.56,39.44,,SS Long Pool
488,Micheldever Store,GROUP 2 WINTER,Panorama,245.00,209.18,35.82,,SS Long Pool
488,Micheldever Store,BEANS SPRING,Fuego,40.00,18.80,21.20,,SS Long Pool
488,Micheldever Store,OATS SPRING,Canyon,110.00,84.20,25.80,,SS Long Pool
499,Micheldever Store,MALTING BARLEY SP,Planet,60.00,58.12,1.88,,SS Long Pool
499,Micheldever Store,OILSEED RAPE,Mxd OSR,40.00,52.54,-12.54,,SS Long Pool
435,Micheldever Store,GROUP 1 WINTER,Crusoe,319.00,305.74,13.26,,SS Long Pool
435,Micheldever Store,MALTING BARLEY SP,Planet,290.00,338.78,-48.78,,SS Long Pool
435,Micheldever Store,MALTING BARLEY SP,Planet,60.00,59.56,0.44,,SS Double Use
399,Micheldever Store,GROUP 4 HARD,Kerrin,260.00,233.48,26.52,,SS Long Pool
399,Micheldever Store,GROUP 3 SOFT,Basset,200.00,212.78,-12.78,,SS Long Pool
399,Micheldever Store,GROUP 1 WINTER,Skyfall,300.00,260.40,39.60,,SS Long Pool
399,Micheldever Store,OILSEED RAPE,Mxd OSR,5.00,844.44,-839.44,,Members Choice
399,Micheldever Store,MALTING BARLEY SP,Propino,180.00,0.00,180.00,,SS Long Pool
399,,FEED WHEAT,,0.00,83.02,-83.02,,
504,Micheldever Store,GROUP 1 WINTER,Illustrious,165.00,174.22,-9.22,,SS Long Pool
504,Micheldever Store,OILSEED RAPE,Mxd OSR,25.00,19.76,5.24,,SS Long Pool
441,Micheldever Store,GROUP 2 WINTER,Siskin,500.00,519.04,-19.04,,SS Long Pool
441,Micheldever Store,FEED WHEAT,Mxd Feed,50.00,44.42,5.58,,SS Long Pool
441,Micheldever Store,MALTING BARLEY SP,Propino,380.00,354.98,25.02,,SS Long Pool
441,Micheldever Store,FEED BARLEY,Mxd Feed Barley,10.00,6.04,3.96,,SS Long Pool
441,Micheldever Store,OATS WINTER,Mascani,5.00,1.14,3.86,,SS Long Pool
441,Micheldever Store,OILSEED RAPE,Mxd OSR,215.00,240.74,-25.74,,SS Long Pool
478,Micheldever Store,FEED BARLEY,Bazooka,210.00,218.28,-8.28,,SS Long Pool
478,Micheldever Store,OILSEED RAPE,Mxd OSR,120.00,100.70,19.30,,SS Long Pool
442,Micheldever Store,GROUP 1 WINTER,Zyatt,140.00,131.50,8.50,,SS Long Pool
498,Micheldever Store,GROUP 1 WINTER,Zyatt,100.00,88.02,11.98,,SS Long Pool
498,Micheldever Store,MALTING BARLEY SP,Planet,250.00,261.74,-11.74,,SS Long Pool
498,Micheldever Store,GROUP 1 WINTER,Crusoe,60.00,294.76,-234.76,,SS Long Pool
498,,MXD HARD,,0.00,29.74,-29.74,,
449,Micheldever Store,GROUP 2 WINTER,Lili,505.00,364.92,140.08,,SS Long Pool
449,Micheldever Store,MALTING BARLEY SP,Planet,380.00,354.22,25.78,,SS Long Pool
449,Micheldever Store,OILSEED RAPE,Mxd OSR,195.00,194.28,0.72,,SS Long Pool
401,Micheldever Store,OATS SPRING,Canyon,100.00,0.00,100.00,,SS Long Pool
427,Micheldever Store,FEED BARLEY,Glacier,180.00,216.14,-36.14,,SS Long Pool
427,Micheldever Store,OILSEED RAPE,Mxd OSR,70.00,83.06,-13.06,,SS Long Pool
423,Micheldever Store,GROUP 2 WINTER,Lili,900.00,883.42,16.58,,SS Long Pool
423,Micheldever Store,MALTING BARLEY SP,Propino,700.00,641.68,58.32,,SS Long Pool
425,Micheldever Store,GROUP 4 HARD,Costello,120.00,57.70,62.30,,SS Long Pool
425,Micheldever Store,GROUP 2 WINTER,Lili,160.00,176.88,-16.88,,SS Long Pool
425,Micheldever Store,MALTING BARLEY SP,Planet,220.00,245.16,-25.16,,SS Long Pool
425,Micheldever Store,MALTING BARLEY SP,Propino,150.00,163.72,-13.72,,SS Long Pool
425,Micheldever Store,FEED BARLEY,Bazooka,350.00,363.70,-13.70,,SS Long Pool
425,Micheldever Store,OILSEED RAPE,Mxd OSR,20.00,15.18,4.82,,SS Long Pool
446,Micheldever Store,GROUP 4 HARD,Costello,179.00,163.24,15.76,,SS Long Pool
446,Micheldever Store,FEED BARLEY,Cassia,147.00,172.82,-25.82,,SS Long Pool
446,,FEED BARLEY,,0.00,27.04,-27.04,,
459,Micheldever Store,GROUP 1 WINTER,Crusoe,680.00,604.82,75.18,,SS Long Pool
459,Micheldever Store,GROUP 1 WINTER,Zyatt,114.00,87.72,26.28,,SS Long Pool
459,Micheldever Store,GROUP 4 HARD,Dickens,740.00,668.32,71.68,,SS Long Pool
459,Micheldever Store,GROUP 4 HARD,Graham,580.00,656.82,-76.82,,SS Long Pool
459,Micheldever Store,MALTING BARLEY SP,Planet,398.00,358.44,39.56,,SS Long Pool
459,Micheldever Store,MALTING BARLEY SP,Laureate,398.00,324.48,73.52,,SS Long Pool
459,Micheldever Store,OILSEED RAPE,Mxd OSR,490.00,570.08,-80.08,,SS Long Pool
459,Micheldever Store,BEANS SPRING,Fanfare,390.00,266.46,123.54,,SS Long Pool
411,,FEED WHEAT,,0.00,29.37,-29.37,,
434,Micheldever Store,GROUP 1 WINTER,Skyfall,880.00,292.90,587.10,,SS Long Pool
434,Shrewton Store,MALTING BARLEY SP,Propino,350.00,377.04,-27.04,,SS Long Pool
434,Micheldever Store,FEED WHEAT,Triticali/Purdy,70.00,59.42,10.58,,SS Long Pool
434,Micheldever Store,MALTING BARLEY SP,Propino,100.00,325.32,-225.32,,SS Long Pool
464,Micheldever Store,GROUP 1 WINTER,Crusoe,240.00,226.10,13.90,,SS Long Pool
464,Micheldever Store,MALTING BARLEY SP,Propino,300.00,285.40,14.60,,SS Long Pool
464,,FEED WHEAT,,0.00,25.70,-25.70,,
430,Micheldever Store,GROUP 1 WINTER,Crusoe,50.00,0.00,50.00,,SS Long Pool
430,Micheldever Store,MALTING BARLEY SP,Propino,550.00,496.10,53.90,,SS Long Pool
508,Micheldever Store,GROUP 1 WINTER,Crusoe,357.00,363.44,-6.44,,SS Long Pool
508,Micheldever Store,BEANS SPRING,Fury,81.00,65.72,15.28,,SS Long Pool
508,Micheldever Store,OILSEED RAPE,Mxd OSR,105.00,36.66,68.34,,SS Double Use
467,Micheldever Store,FEED BARLEY,California,150.00,116.82,33.18,,SS Long Pool
467,,FEED BARLEY,,0.00,16.06,-16.06,,
422,Micheldever Store,GROUP 4 HARD,Costello,100.00,59.14,40.86,,SS Long Pool
413,Micheldever Store,MALTING BARLEY W,Venture,510.00,583.14,-73.14,,Members Choice
458,Micheldever Store,GROUP 1 WINTER,Crusoe,210.00,182.56,27.44,,SS Long Pool
458,Micheldever Store,MALTING BARLEY SP,Irina,135.00,61.06,73.94,,SS Long Pool
458,Micheldever Store,OILSEED RAPE,Mxd OSR,105.00,76.66,28.34,,SS Long Pool
448,Micheldever Store,GROUP 4 HARD,Dickens,120.00,85.86,34.14,,SS Long Pool
448,Micheldever Store,MALTING BARLEY SP,Westminster,80.00,0.00,80.00,,SS Long Pool
448,Micheldever Store,BEANS WINTER,Tundra,20.00,0.00,20.00,,SS Long Pool
463,Micheldever Store,GROUP 3 SOFT,Basset,460.00,439.48,20.52,,SS Long Pool
463,Micheldever Store,MALTING BARLEY SP,Planet,415.00,430.66,-15.66,,SS Long Pool
463,Micheldever Store,OILSEED RAPE,Mxd OSR,55.00,47.62,7.38,,SS Long Pool
463,Micheldever Store,BEANS SPRING,Lynx,120.00,73.62,46.38,,SS Long Pool
506,Micheldever Store,FEED BARLEY,Bazooka,87.00,0.00,87.00,,SS Long Pool
473,Micheldever Store,GROUP 4 HARD,Kerrin,660.00,0.00,660.00,,SS Long Pool
473,Micheldever Store,OATS WINTER,Mascani,0.00,517.64,-517.64,,Members Choice
473,,FEED WHEAT,,0.00,635.99,-635.99,,
436,Micheldever Store,GROUP 1 WINTER,Crusoe,350.00,375.12,-25.12,,SS Long Pool
436,Micheldever Store,GROUP 4 HARD,Relay,230.00,227.52,2.48,,SS Long Pool
436,Micheldever Store,MALTING BARLEY SP,Propino,110.00,0.00,110.00,,SS Long Pool
436,Micheldever Store,OATS SPRING,Aspen,45.00,0.00,45.00,,SS Long Pool
436,Micheldever Store,OILSEED RAPE,Mxd OSR,30.00,43.82,-13.82,,SS Long Pool
436,Micheldever Store,BEANS WINTER,Tundra,90.00,71.30,18.70,,SS Long Pool
436,Micheldever Store,BEANS SPRING,Vertigo,25.00,57.42,-32.42,,SS Long Pool
436,Micheldever Store,GROUP 1 WINTER,Crusoe,100.00,0.00,100.00,,Members Choice
436,Micheldever Store,FEED BARLEY,Orwell,30.00,29.44,0.56,,SS Long Pool
436,Micheldever Store,MALTING BARLEY SP,Planet,0.00,147.26,-147.26,,SS Double Use
443,Micheldever Store,GROUP 1 WINTER,Crusoe,575.00,489.60,85.40,,SS Long Pool
443,Micheldever Store,GROUP 1 WINTER,Zyatt,200.00,175.32,24.68,,SS Long Pool
443,Micheldever Store,GROUP 2 WINTER,Lili,500.00,578.78,-78.78,,SS Long Pool
443,Micheldever Store,OATS SPRING,Canyon,130.00,112.26,17.74,,SS Long Pool
443,Micheldever Store,FEED BARLEY,Belfry,150.00,191.40,-41.40,,SS Long Pool
443,Micheldever Store,OILSEED RAPE,Mxd OSR,0.00,0.00,0.00,,SS Long Pool
443,Micheldever Store,BEANS WINTER,Wizard,100.00,102.26,-2.26,,SS Long Pool
443,Micheldever Store,Linseed,Mxd Linseed,50.00,20.58,29.42,,Members Choice
503,Micheldever Store,GROUP 1 WINTER,Crusoe,310.00,262.40,47.60,,SS Long Pool
503,Micheldever Store,MALTING BARLEY SP,Planet,480.00,245.06,234.94,,SS Long Pool
503,Micheldever Store,BEANS SPRING,Fuego,70.00,36.78,33.22,,SS Long Pool
503,,GROUP 2 SPRING,,0.00,39.06,-39.06,,
503,,Linseed,,0.00,20.26,-20.26,,
489,Micheldever Store,GROUP 3 SOFT,Basset,300.00,146.34,153.66,,SS Long Pool
489,Micheldever Store,GROUP 3 SOFT,Scout,320.00,315.88,4.12,,SS Long Pool
489,Micheldever Store,MALTING BARLEY SP,Planet,70.00,0.00,70.00,,SS Long Pool
489,Micheldever Store,MALTING BARLEY SP,Tipple,100.00,115.64,-15.64,,SS Long Pool
489,Micheldever Store,OILSEED RAPE,Mxd OSR,80.00,68.92,11.08,,SS Long Pool
489,Micheldever Store,BEANS WINTER,Wizard,30.00,20.54,9.46,,SS Long Pool
460,Micheldever Store,GROUP 1 WINTER,Crusoe,500.00,0.00,500.00,,Members Choice
460,Membury Store,FEED BARLEY,Mxd Feed Barley,"1,000.00","1,160.94",-160.94,,Members Choice
460,Micheldever Store,GROUP 1 WINTER,Zyatt,350.00,57.72,292.28,,SS Long Pool
460,Micheldever Store,GROUP 1 WINTER,Skyfall,875.00,89.52,785.48,,SS Long Pool
460,Micheldever Store,GROUP 1 WINTER,Crusoe,400.00,88.40,311.60,,SS Long Pool
460,Micheldever Store,FEED BARLEY,Mxd Feed Barley,395.00,381.86,13.14,,SS Long Pool
460,Micheldever Store,OILSEED RAPE,Mxd OSR,585.00,582.48,2.52,,SS Long Pool
460,Membury Store,GROUP 1 WINTER,Zyatt,0.00,235.38,-235.38,,SS Long Pool
460,Membury Store,GROUP 1 WINTER,Crusoe,500.00,763.86,-263.86,,Members Choice
460,Membury Store,GROUP 1 WINTER,Skyfall,0.00,0.00,0.00,,SS Long Pool
460,Membury Store,FEED BARLEY,Mxd Feed Barley,500.00,322.84,177.16,,SS Long Pool
460,,BEANS SPRING,,0.00,3.20,-3.20,,
460,,OATS SPRING,,0.00,112.14,-112.14,,
460,,FEED WHEAT,,0.00,233.32,-233.32,,
460,,OILSEED RAPE,,0.00,55.72,-55.72,,
460,,MXD HARD,,0.00,781.14,-781.14,,
445,Micheldever Store,GROUP 1 WINTER,Skyfall,120.00,29.40,90.60,,SS Long Pool
445,Micheldever Store,MALTING BARLEY SP,Propino,160.00,168.76,-8.76,,SS Long Pool
445,Micheldever Store,BEANS SPRING,Fury,30.00,0.00,30.00,,SS Long Pool
445,Micheldever Store,GROUP 1 WINTER,Crusoe,90.00,621.00,-531.00,,SS Long Pool
483,Micheldever Store,GROUP 1 WINTER,Crusoe,110.00,58.84,51.16,,SS Long Pool
483,Micheldever Store,GROUP 1 WINTER,Skyfall,570.00,517.62,52.38,,SS Long Pool
451,Micheldever Store,GROUP 1 WINTER,Skyfall,324.00,316.62,7.38,,SS Long Pool
451,Micheldever Store,GROUP 1 WINTER,Crusoe,316.00,264.96,51.04,,SS Long Pool
451,Micheldever Store,BEANS SPRING,Fury,164.00,129.58,34.42,,SS Long Pool
420,Micheldever Store,GROUP 3 SOFT,Basset,170.00,182.19,-12.19,,SS Long Pool
420,Micheldever Store,MALTING BARLEY SP,Propino,470.00,364.08,105.92,,SS Long Pool
420,Micheldever Store,FEED BARLEY,Bazooka,5.00,2.48,2.52,,SS Long Pool
420,Micheldever Store,GROUP 3 SOFT,Basset,20.00,59.06,-39.06,,SS Long Pool
482,Micheldever Store,GROUP 4 HARD,Costello,545.00,499.88,45.12,,SS Long Pool
482,Micheldever Store,GROUP 4 HARD,Graham,710.00,581.78,128.22,,SS Long Pool
482,Shrewton Store,MALTING BARLEY SP,Planet,545.00,538.42,6.58,,SS Long Pool
482,Shrewton Store,MALTING BARLEY SP,Propino,295.00,302.54,-7.54,,SS Long Pool
482,Micheldever Store,OILSEED RAPE,Mxd OSR,435.00,446.10,-11.10,,SS Long Pool
480,Micheldever Store,GROUP 2 WINTER,Lili,310.00,254.20,55.80,,SS Long Pool
480,Micheldever Store,GROUP 4 HARD,Shabras,350.00,306.50,43.50,,SS Long Pool
480,Micheldever Store,MALTING BARLEY SP,Propino,340.00,235.06,104.94,,SS Long Pool
480,,FEED BARLEY,,0.00,13.18,-13.18,,
480,,GROUP 4 HARD,,0.00,9.50,-9.50,,
450,Micheldever Store,GROUP 4 HARD,Evolution,250.00,145.16,104.84,,SS Long Pool
497,Micheldever Store,GROUP 2 WINTER,Siskin,100.00,0.00,100.00,,SS Long Pool
497,,GROUP 2 SPRING,,0.00,124.40,-124.40,,
428,Micheldever Store,OILSEED RAPE,Mxd OSR,140.00,88.56,51.44,,SS Long Pool
428,Micheldever Store,MALTING BARLEY SP,Planet,58.00,29.34,28.66,,SS Long Pool
474,Micheldever Store,MALTING BARLEY SP,Planet,150.00,115.98,34.02,,SS Long Pool
474,,MALTING BARLEY SP,,0.00,19.20,-19.20,,
461,Micheldever Store,GROUP 3 SOFT,Basset,510.00,460.34,49.66,,SS Long Pool
461,Micheldever Store,GROUP 4 HARD,Costello,300.00,338.82,-38.82,,SS Long Pool
461,Micheldever Store,MALTING BARLEY SP,Propino,440.00,131.50,308.50,,SS Long Pool
461,Micheldever Store,OILSEED RAPE,Mxd OSR,180.00,182.62,-2.62,,SS Long Pool
477,Micheldever Store,GROUP 4 HARD,Santiago,667.00,57.94,609.06,,SS Long Pool
477,Shrewton Store,MALTING BARLEY SP,Planet,232.00,204.04,27.96,,SS Long Pool
477,,FEED WHEAT,,0.00,638.82,-638.82,,
414,Micheldever Store,GROUP 4 HARD,Shabras,640.00,320.66,319.34,,SS Long Pool
414,Micheldever Store,GROUP 4 HARD,Kerrin,260.00,801.20,-541.20,,SS Long Pool
414,Micheldever Store,GROUP 4 HARD,Kerrin,0.00,0.00,0.00,,SS Double Use
414,Micheldever Store,FEED BARLEY,Bazooka,550.00,0.00,550.00,,SS Double Use
414,,FEED WHEAT,,0.00,203.46,-203.46,,
421,Micheldever Store,GROUP 4 HARD,Graham,116.00,107.02,8.98,,SS Long Pool
421,Micheldever Store,OATS SPRING,Aspen,100.00,98.42,1.58,,SS Long Pool
421,Micheldever Store,OILSEED RAPE,Mxd OSR,184.00,201.58,-17.58,,SS Long Pool
492,Micheldever Store,OILSEED RAPE,Mxd OSR,240.00,272.04,-32.04,,SS Long Pool
492,Micheldever Store,GROUP 4 HARD,Santiago,20.00,261.62,-241.62,,SS Long Pool
492,,FEED WHEAT,,0.00,11.40,-11.40,,
671,Micheldever Store,MALTING BARLEY SP,Propino,600.00,823.32,-223.32,,SS Long Pool
672,Micheldever Store,GROUP 4 HARD,Kerrin,450.00,507.66,-57.66,,SS Long Pool
672,Micheldever Store,MALTING BARLEY SP,Planet,950.00,728.94,221.06,,SS Long Pool
672,Micheldever Store,BEANS WINTER,Tundra,300.00,308.98,-8.98,,SS Long Pool
414,Micheldever Store,FEED BARLEY,Bazooka,0.00,461.54,-461.54,,SS Double Use
414,Micheldever Store,FEED WHEAT,Kerrin,0.00,0.00,0.00,,SS Double Use
454,Micheldever Store,GROUP 1 WINTER,Crusoe,70.00,58.70,11.30,,SS Double Use
454,Micheldever Store,GROUP 2 WINTER,Panorama,450.00,445.30,4.70,,SS Double Use
454,Micheldever Store,FEED BARLEY,Tower,170.00,157.36,12.64,,SS Double Use
454,Micheldever Store,OILSEED RAPE,Mxd OSR,100.00,58.44,41.56,,SS Double Use
454,,FEED WHEAT,,0.00,29.06,-29.06,,
435,Micheldever Store,OILSEED RAPE,Mxd OSR,87.00,70.04,16.96,,SS Double Use
435,Micheldever Store,GROUP 1 WINTER,Crusoe,116.00,230.00,-114.00,,SS Double Use
436,Micheldever Store,OILSEED RAPE,Mxd OSR,29.00,29.34,-0.34,,SS Double Use
443,Micheldever Store,FEED BARLEY,Belfry,150.00,146.20,3.80,,SS Double Use
443,Micheldever Store,OILSEED RAPE,Mxd OSR,110.00,117.28,-7.28,,SS Double Use
464,Micheldever Store,FEED WHEAT,Basset,600.00,607.54,-7.54,,SS Double Use
445,Micheldever Store,OILSEED RAPE,Mxd OSR,122.00,124.47,-2.47,,SS Double Use
451,Micheldever Store,FEED BARLEY,Bazooka,147.00,136.40,10.60,,SS Double Use
451,Micheldever Store,OILSEED RAPE,Mxd OSR,105.00,90.13,14.87,,SS Double Use
472,Micheldever Store,OILSEED RAPE,Mxd OSR,100.00,87.66,12.34,,SS Double Use
399,Micheldever Store,FEED WHEAT,Santiago,490.00,421.10,68.90,,SS Double Use
418,Micheldever Store,OILSEED RAPE,Mxd OSR,400.00,31.22,368.78,,Members Choice
418,Micheldever Store,MALTING BARLEY SP,Propino,"1,000.00","2,051.26","-1,051.26",,Members Choice
418,Micheldever Store,FEED BARLEY,Bazooka,100.00,596.42,-496.42,,Members Choice
674,Shrewton Store,MALTING BARLEY SP,Propino,"2,854.00","7,510.08","-4,656.08",,Members Choice
674,Shrewton Store,MALTING BARLEY SP,Planet,"2,496.00",296.16,"2,199.84",,Members Choice
674,Shrewton Store,MALTING BARLEY W,Venture,"2,482.00",729.30,"1,752.70",,Members Choice
674,,FEED BARLEY,,0.00,113.48,-113.48,,
674,,FEED BARLEY,,0.00,30.50,-30.50,,
544,,GROUP 2 SPRING,,0.00,0.00,0.00,,
511,Shrewton Store,FEED BARLEY,Glacier,207.00,57.18,149.82,,SS Long Pool
511,Shrewton Store,FEED BARLEY,California,43.00,174.86,-131.86,,SS Long Pool
511,Shrewton Store,MALTING BARLEY SP,Irina,85.00,0.00,85.00,,SS Long Pool
511,Shrewton Store,GROUP 1 WINTER,Skyfall,60.00,196.40,-136.40,,SS Long Pool
511,Shrewton Store,GROUP 1 WINTER,Skyfall,58.00,0.00,58.00,,SS Direct Pricing
511,Shrewton Store,GROUP 1 WINTER,Skyfall,100.00,0.00,100.00,,Members Choice
511,Shrewton Store,GROUP 1 WINTER,Crusoe,140.00,215.90,-75.90,,Members Choice
511,Shrewton Store,GROUP 1 WINTER,Crusoe,60.00,0.00,60.00,,SS Long Pool
511,Shrewton Store,GROUP 4 HARD,Dunston,47.00,29.08,17.92,,Members Choice
511,,FEED WHEAT,,0.00,29.70,-29.70,,
530,Shrewton Store,GROUP 1 SPRING,Mulika,70.00,57.94,12.06,,SS Long Pool
530,Shrewton Store,GROUP 1 WINTER,Crusoe,230.00,241.22,-11.22,,SS Long Pool
546,Shrewton Store,FEED WHEAT,Triticali/Agostino,340.00,289.42,50.58,,SS Long Pool
546,Shrewton Store,OILSEED RAPE,Mxd OSR,60.00,0.00,60.00,,SS Long Pool
546,,FEED WHEAT,,0.00,28.80,-28.80,,
520,Shrewton Store,MALTING BARLEY SP,Propino,30.00,0.00,30.00,,SS Long Pool
520,Shrewton Store,GROUP 1 WINTER,Skyfall,240.00,118.70,121.30,,SS Long Pool
520,Shrewton Store,GROUP 4 HARD,Graham,130.00,387.66,-257.66,,SS Long Pool
627,Shrewton Store,GROUP 2 WINTER,Siskin,308.00,354.28,-46.28,,SS Long Pool
627,Shrewton Store,GROUP 1 WINTER,Crusoe,274.00,271.12,2.88,,SS Long Pool
627,Shrewton Store,OILSEED RAPE,Mxd OSR,53.00,76.70,-23.70,,SS Long Pool
627,Shrewton Store,OILSEED RAPE,Mxd OSR,53.00,29.70,23.30,,Members Choice
627,Shrewton Store,NAKED OATS,Lennon(Naked),123.00,83.24,39.76,,Members Choice
641,Shrewton Store,MALTING BARLEY W,Venture,520.00,520.86,-0.86,,SS Direct Pricing
647,Shrewton Store,MALTING BARLEY SP,Propino,180.00,170.12,9.88,,SS Long Pool
552,Shrewton Store,GROUP 2 WINTER,Cordialle,278.00,323.42,-45.42,,SS Long Pool
552,Shrewton Store,GROUP 1 WINTER,Crusoe,390.00,447.04,-57.04,,SS Long Pool
552,Shrewton Store,OILSEED RAPE,Mxd OSR,71.00,142.70,-71.70,,SS Long Pool
552,Shrewton Store,OILSEED RAPE,Mxd OSR,71.00,0.00,71.00,,Members Choice
552,Shrewton Store,NAKED OATS,Grafton(Naked),150.00,137.62,12.38,,Members Choice
552,,FEED BARLEY,,0.00,11.84,-11.84,,
571,Shrewton Store,FEED BARLEY,Belfry,85.92,283.58,-197.66,,SS Long Pool
571,Shrewton Store,FEED BARLEY,Belfry,148.16,0.00,148.16,,SS Long Pool
571,Shrewton Store,GROUP 4 HARD,JB Diego,368.32,806.42,-438.10,,SS Long Pool
571,Shrewton Store,GROUP 4 HARD,JB Diego,454.08,0.00,454.08,,SS Long Pool
571,Shrewton Store,GROUP 4 HARD,Graham,138.57,85.56,53.01,,SS Long Pool
571,Shrewton Store,GROUP 1 WINTER,Zyatt,623.08,628.88,-5.80,,Members Choice
571,Shrewton Store,GROUP 1 WINTER,Skyfall,546.49,506.84,39.65,,Members Choice
571,Shrewton Store,OILSEED RAPE,Mxd OSR,156.73,171.04,-14.31,,Members Choice
625,Membury Store,MALTING BARLEY SP,Propino,666.00,472.90,193.10,,SS Long Pool
625,Membury Store,OILSEED RAPE,Mxd OSR,87.00,251.38,-164.38,,SS Long Pool
625,Membury Store,OILSEED RAPE,Mxd OSR,87.00,0.00,87.00,,SS Direct Pricing
625,Membury Store,OILSEED RAPE,Mxd OSR,112.00,0.00,112.00,,Members Choice
635,Shrewton Store,MALTING BARLEY SP,Irina,320.00,314.04,5.96,,SS Long Pool
635,Shrewton Store,OATS WINTER,Mascani,100.00,0.00,100.00,,Members Choice
635,,OATS SPRING,,0.00,97.22,-97.22,,
656,Shrewton Store,MALTING BARLEY SP,Planet,90.00,81.16,8.84,,SS Long Pool
548,Shrewton Store,MALTING BARLEY SP,Propino,150.00,0.00,150.00,,SS Long Pool
548,Shrewton Store,OILSEED RAPE,Mxd OSR,150.00,223.60,-73.60,,SS Long Pool
668,Shrewton Store,MALTING BARLEY SP,Propino,165.00,0.00,165.00,,SS Long Pool
668,Shrewton Store,OILSEED RAPE,Mxd OSR,34.00,0.00,34.00,,SS Long Pool
668,Shrewton Store,OILSEED RAPE,Mxd OSR,34.00,68.64,-34.64,,Members Choice
668,,FEED BARLEY,,0.00,88.84,-88.84,,
570,Shrewton Store,GROUP 2 WINTER,Lili,202.00,205.98,-3.98,,SS Long Pool
570,Shrewton Store,NAKED OATS,Grafton(Naked),104.00,0.00,104.00,,Members Choice
570,,OATS WINTER,,0.00,113.98,-113.98,,
558,Shrewton Store,FEED BARLEY,Belfry,110.00,148.40,-38.40,,SS Long Pool
558,Shrewton Store,GROUP 1 WINTER,Skyfall,280.00,247.28,32.72,,SS Long Pool
558,Shrewton Store,OILSEED RAPE,Mxd OSR,60.00,64.82,-4.82,,SS Long Pool
564,Shrewton Store,MALTING BARLEY SP,Propino,58.00,59.44,-1.44,,Members Choice
564,Shrewton Store,GROUP 1 WINTER,Crusoe,750.00,696.86,53.14,,SS Long Pool
564,Shrewton Store,OILSEED RAPE,Mxd OSR,108.00,0.00,108.00,,SS Long Pool
564,Shrewton Store,OILSEED RAPE,Mxd OSR,107.00,214.24,-107.24,,Members Choice
564,Shrewton Store,NAKED OATS,Grafton(Naked),275.00,282.82,-7.82,,Members Choice
581,Shrewton Store,GROUP 2 WINTER,Lili,81.00,89.12,-8.12,,SS Long Pool
581,Shrewton Store,NAKED OATS,Grafton(Naked),76.00,59.72,16.28,,Members Choice
648,Shrewton Store,MALTING BARLEY SP,Laureate,200.00,183.32,16.68,,SS Direct Pricing
648,Shrewton Store,GROUP 1 WINTER,Skyfall,100.00,116.68,-16.68,,SS Direct Pricing
664,Shrewton Store,NAKED OATS,Lennon(Naked),132.00,87.46,44.54,,Members Choice
577,Shrewton Store,OILSEED RAPE,Mxd OSR,34.00,0.00,34.00,,SS Long Pool
577,Shrewton Store,OILSEED RAPE,Mxd OSR,116.00,122.32,-6.32,,Members Choice
577,,GROUP 1 WINTER,,0.00,32.30,-32.30,,
538,Micheldever Store,MALTING BARLEY SP,Planet,210.00,0.00,210.00,,SS Long Pool
538,Micheldever Store,MALTING BARLEY SP,Planet,260.00,0.00,260.00,,CMG
538,,OILSEED RAPE,,0.00,32.60,-32.60,,
542,Shrewton Store,MALTING BARLEY SP,Planet,600.00,503.58,96.42,,SS Long Pool
542,Shrewton Store,GROUP 1 WINTER,Crusoe,200.00,0.00,200.00,,SS Long Pool
542,Shrewton Store,GROUP 1 WINTER,Skyfall,200.00,176.72,23.28,,SS Long Pool
622,Shrewton Store,MALTING BARLEY SP,Propino,85.00,58.86,26.14,,SS Long Pool
622,,OATS SPRING,,0.00,42.04,-42.04,,
547,Shrewton Store,GROUP 1 WINTER,Crusoe,298.00,291.48,6.52,,SS Long Pool
547,Shrewton Store,GROUP 1 WINTER,Zyatt,277.00,280.14,-3.14,,SS Long Pool
547,Shrewton Store,GROUP 2 WINTER,Lili,444.00,502.24,-58.24,,SS Long Pool
547,Shrewton Store,OILSEED RAPE,Mxd OSR,62.00,143.62,-81.62,,SS Long Pool
547,Shrewton Store,OILSEED RAPE,Mxd OSR,61.00,0.00,61.00,,Members Choice
547,Shrewton Store,NAKED OATS,Lennon(Naked),119.00,0.00,119.00,,Members Choice
547,,OATS WINTER,,0.00,77.62,-77.62,,
513,Shrewton Store,MALTING BARLEY SP,Propino,500.00,492.10,7.90,,SS Long Pool
513,Shrewton Store,GROUP 1 WINTER,Crusoe,200.00,235.46,-35.46,,SS Long Pool
513,Shrewton Store,OILSEED RAPE,Mxd OSR,200.00,214.76,-14.76,,SS Long Pool
634,Shrewton Store,MALTING BARLEY SP,Planet,200.00,182.20,17.80,,SS Long Pool
634,Shrewton Store,GROUP 2 WINTER,Siskin,250.00,296.74,-46.74,,SS Long Pool
515,Shrewton Store,MALTING BARLEY SP,Propino,375.00,332.60,42.40,,SS Long Pool
515,Shrewton Store,MALTING BARLEY SP,Planet,375.00,372.78,2.22,,SS Long Pool
515,Shrewton Store,GROUP 1 WINTER,Skyfall,650.00,291.38,358.62,,Members Choice
591,Shrewton Store,MALTING BARLEY SP,Propino,100.00,87.26,12.74,,SS Long Pool
565,A & M Turney,WARBURTONS,Crusoe,87.00,144.74,-57.74,,SS Long Pool
565,A & M Turney,WARBURTONS,Crusoe,58.00,0.00,58.00,,SS Direct Pricing
565,Shrewton Store,GROUP 1 WINTER,Crusoe,174.00,297.94,-123.94,,SS Long Pool
565,Shrewton Store,GROUP 1 WINTER,Crusoe,116.00,0.00,116.00,,SS Direct Pricing
565,Shrewton Store,OILSEED RAPE,Mxd OSR,58.00,47.94,10.06,,SS Long Pool
565,Shrewton Store,BEANS SPRING,Lynx,116.00,105.12,10.88,,SS Long Pool
662,Shrewton Store,GROUP 4 SOFT,Revelation,200.00,118.10,81.90,,SS Direct Pricing
662,Shrewton Store,FEED BARLEY,Cassia,3.00,1.44,1.56,,SS Long Pool
575,Shrewton Store,FEED BARLEY,Bazooka,29.00,24.22,4.78,,SS Long Pool
575,Shrewton Store,GROUP 1 WINTER,Skyfall,31.00,0.00,31.00,,SS Long Pool
637,Shrewton Store,GROUP 1 WINTER,Skyfall,200.00,148.70,51.30,,SS Long Pool
615,Shrewton Store,OATS WINTER,Mascani,300.00,0.00,300.00,,Members Choice
567,Membury Store,FEED BARLEY,Glacier,240.00,252.94,-12.94,,SS Long Pool
567,Membury Store,GROUP 3 SOFT,Basset,445.00,465.60,-20.60,,SS Long Pool
567,Shrewton Store,GROUP 2 WINTER,Lili,380.00,339.46,40.54,,SS Long Pool
567,Membury Store,GROUP 1 WINTER,Skyfall,710.00,621.08,88.92,,SS Long Pool
567,Membury Store,OILSEED RAPE,Mxd OSR,310.00,246.10,63.90,,SS Long Pool
567,Membury Store,FEED BARLEY,Glacier,100.00,0.00,100.00,,SS Long Pool
657,Shrewton Store,GROUP 4 HARD,Graham,460.00,423.40,36.60,,Members Choice
657,Shrewton Store,OATS WINTER,Mascani,240.00,281.58,-41.58,,Members Choice
543,Shrewton Store,FEED BARLEY,Belfry,200.00,211.20,-11.20,,SS Long Pool
543,Shrewton Store,MALTING BARLEY SP,Propino,305.00,237.60,67.40,,SS Long Pool
543,Shrewton Store,GROUP 1 WINTER,Zyatt,105.00,87.78,17.22,,SS Long Pool
543,Shrewton Store,GROUP 1 WINTER,Skyfall,75.00,13.32,61.68,,SS Long Pool
543,Shrewton Store,OILSEED RAPE,Mxd OSR,80.00,64.56,15.44,,SS Long Pool
543,Shrewton Store,BEANS SPRING,Fanfare,75.00,40.06,34.94,,SS Long Pool
543,Shrewton Store,OATS WINTER,Mascani,110.00,108.96,1.04,,SS Long Pool
543,,MALTING BARLEY SP,,0.00,9.58,-9.58,,
551,Shrewton Store,GROUP 2 WINTER,Siskin,697.00,759.72,-62.72,,SS Long Pool
551,Shrewton Store,GROUP 1 WINTER,Crusoe,477.00,473.00,4.00,,SS Long Pool
551,Shrewton Store,OILSEED RAPE,Mxd OSR,98.00,148.36,-50.36,,SS Long Pool
551,Shrewton Store,OILSEED RAPE,Mxd OSR,98.00,59.16,38.84,,Members Choice
551,Shrewton Store,NAKED OATS,Grafton(Naked),261.00,328.66,-67.66,,Members Choice
578,Shrewton Store,OILSEED RAPE,Mxd OSR,250.00,259.00,-9.00,,SS Direct Pricing
628,Shrewton Store,GROUP 3 SOFT,Barrel,410.00,381.86,28.14,,Members Choice
628,Membury Store,OILSEED RAPE,Mxd OSR,640.00,495.96,144.04,,Members Choice
516,Shrewton Store,MALTING BARLEY SP,Propino,109.00,88.06,20.94,,SS Long Pool
516,Shrewton Store,MALTING BARLEY SP,Irina,467.00,376.24,90.76,,SS Long Pool
516,Shrewton Store,GROUP 1 WINTER,Skyfall,334.00,326.14,7.86,,SS Long Pool
516,Shrewton Store,GROUP 1 WINTER,Trinity,315.00,323.94,-8.94,,SS Long Pool
516,Shrewton Store,GROUP 1 WINTER,Zyatt,60.00,117.46,-57.46,,SS Long Pool
516,Shrewton Store,GROUP 3 SOFT,Basset,60.00,49.34,10.66,,SS Long Pool
516,Shrewton Store,OILSEED RAPE,Mxd OSR,160.00,158.16,1.84,,SS Long Pool
516,Shrewton Store,OATS SPRING,Canyon,95.00,91.44,3.56,,SS Long Pool
601,Shrewton Store,MALTING BARLEY SP,Propino,110.00,0.00,110.00,,SS Direct Pricing
601,Shrewton Store,OILSEED RAPE,Mxd OSR,90.00,116.34,-26.34,,SS Long Pool
652,Shrewton Store,GROUP 1 WINTER,Crusoe,242.00,254.90,-12.90,,SS Long Pool
652,Shrewton Store,OILSEED RAPE,Mxd OSR,58.00,0.00,58.00,,SS Long Pool
652,Shrewton Store,OILSEED RAPE,Mxd OSR,58.00,125.44,-67.44,,Members Choice
639,Shrewton Store,MALTING BARLEY SP,Planet,300.00,385.14,-85.14,,SS Long Pool
614,Shrewton Store,GROUP 1 WINTER,Skyfall,300.00,272.26,27.74,,Members Choice
556,Shrewton Store,GROUP 1 WINTER,Crusoe,188.00,175.26,12.74,,SS Long Pool
556,Shrewton Store,OILSEED RAPE,Mxd OSR,41.00,77.02,-36.02,,SS Long Pool
556,Shrewton Store,OILSEED RAPE,Mxd OSR,40.00,0.00,40.00,,Members Choice
596,Shrewton Store,MALTING BARLEY SP,Laureate,90.00,0.00,90.00,,SS Long Pool
596,Membury Store,GROUP 2 WINTER,Siskin,250.00,197.38,52.62,,SS Long Pool
596,,MXD HARD,,0.00,58.20,-58.20,,
526,Shrewton Store,GROUP 2 WINTER,Cordialle,150.00,146.90,3.10,,SS Long Pool
526,Shrewton Store,GROUP 1 WINTER,Crusoe,150.00,358.02,-208.02,,SS Long Pool
526,Shrewton Store,OILSEED RAPE,Mxd OSR,58.00,0.00,58.00,,SS Long Pool
526,Shrewton Store,OILSEED RAPE,Mxd OSR,57.00,115.40,-58.40,,Members Choice
526,Shrewton Store,NAKED OATS,Grafton(Naked),219.00,0.00,219.00,,Members Choice
526,,OATS WINTER,,0.00,214.44,-214.44,,
517,Shrewton Store,MALTING BARLEY SP,Propino,500.00,441.00,59.00,,SS Long Pool
517,Shrewton Store,GROUP 4 HARD,Graham,300.00,350.00,-50.00,,SS Long Pool
517,Shrewton Store,OILSEED RAPE,Mxd OSR,200.00,178.76,21.24,,SS Long Pool
604,Shrewton Store,MALTING BARLEY SP,Planet,200.00,0.00,200.00,,SS Long Pool
660,Shrewton Store,MALTING BARLEY SP,Planet,260.00,147.00,113.00,,SS Long Pool
667,Shrewton Store,MALTING BARLEY SP,Propino,87.00,0.00,87.00,,SS Direct Pricing
667,Shrewton Store,OILSEED RAPE,Mxd OSR,174.00,158.58,15.42,,SS Long Pool
624,Shrewton Store,OILSEED RAPE,Mxd OSR,100.00,102.08,-2.08,,SS Long Pool
605,Membury Store,FEED BARLEY,California,120.00,156.48,-36.48,,SS Long Pool
605,Shrewton Store,GROUP 1 WINTER,Skyfall,395.00,432.36,-37.36,,SS Long Pool
605,Shrewton Store,GROUP 2 SPRING,Chilham,75.00,55.06,19.94,,SS Long Pool
590,Shrewton Store,MALTING BARLEY SP,Planet,175.00,167.64,7.36,,SS Long Pool
597,Shrewton Store,MALTING BARLEY SP,Propino,60.00,0.00,60.00,,SS Direct Pricing
597,Shrewton Store,GROUP 2 WINTER,Siskin,200.00,173.68,26.32,,SS Long Pool
597,Shrewton Store,GROUP 4 HARD,Costello,90.00,147.22,-57.22,,SS Long Pool
597,Shrewton Store,OILSEED RAPE,Mxd OSR,145.00,181.82,-36.82,,SS Long Pool
519,Devon Grain,OATS SPRING,Otago(Organic),70.00,54.76,15.24,,Members Choice
636,Shrewton Store,FEED BARLEY,Cassia,225.00,242.44,-17.44,,Members Choice
636,Shrewton Store,MALTING BARLEY SP,Propino,600.00,611.42,-11.42,,Members Choice
636,Shrewton Store,GROUP 4 HARD,Costello,95.00,0.00,95.00,,Members Choice
636,Shrewton Store,GROUP 4 HARD,Graham,580.00,704.74,-124.74,,Members Choice
644,Shrewton Store,MALTING BARLEY SP,Irina,203.00,175.08,27.92,,SS Long Pool
644,Shrewton Store,GROUP 1 WINTER,Crusoe,145.00,146.58,-1.58,,SS Long Pool
518,Shrewton Store,MALTING BARLEY SP,Laureate,500.00,518.28,-18.28,,SS Long Pool
518,Shrewton Store,GROUP 1 WINTER,Skyfall,850.00,782.80,67.20,,SS Long Pool
518,Shrewton Store,GROUP 1 WINTER,Crusoe,75.00,58.24,16.76,,SS Long Pool
638,Shrewton Store,MALTING BARLEY SP,Laureate,200.00,259.64,-59.64,,SS Long Pool
638,Shrewton Store,MALTING BARLEY SP,Propino,450.00,508.78,-58.78,,SS Long Pool
638,Shrewton Store,OILSEED RAPE,Mxd OSR,0.00,0.00,0.00,,SS Double Use
638,,OATS SPRING,,0.00,7.14,-7.14,,
649,Shrewton Store,MALTING BARLEY SP,Propino,500.00,509.24,-9.24,,Members Choice
649,Shrewton Store,MALTING BARLEY SP,Planet,360.00,258.96,101.04,,SS Direct Pricing
649,Shrewton Store,GROUP 1 WINTER,Crusoe,500.00,462.92,37.08,,SS Long Pool
649,Shrewton Store,GROUP 4 SOFT,Motown,170.00,170.66,-0.66,,SS Long Pool
649,Shrewton Store,OILSEED RAPE,Mxd OSR,270.00,176.64,93.36,,SS Long Pool
649,Shrewton Store,OILSEED RAPE,Mxd OSR,230.00,284.54,-54.54,,Members Choice
649,Shrewton Store,Linseed,Mxd Linseed,150.00,123.32,26.68,,Members Choice
642,Shrewton Store,GROUP 2 WINTER,Lili,250.00,0.00,250.00,,Members Choice
653,Membury Store,GROUP 2 WINTER,Siskin,250.00,264.76,-14.76,,Members Choice
653,Shrewton Store,GROUP 2 WINTER,Lili,400.00,260.84,139.16,,Members Choice
631,Shrewton Store,MALTING BARLEY SP,Propino,513.00,399.04,113.96,,SS Long Pool
631,Shrewton Store,BEANS SPRING,Fanfare,55.00,91.84,-36.84,,SS Long Pool
631,Shrewton Store,OATS SPRING,Canyon,48.00,7.74,40.26,,SS Long Pool
521,Micheldever Store,GROUP 3 SOFT,Basset,300.00,310.66,-10.66,,SS Long Pool
613,Shrewton Store,GROUP 2 WINTER,Lili,150.00,0.00,150.00,,Members Choice
613,Shrewton Store,GROUP 4 HARD,Graham,100.00,0.00,100.00,,Members Choice
522,Shrewton Store,MALTING BARLEY SP,Propino,60.00,56.10,3.90,,SS Long Pool
522,Shrewton Store,MALTING BARLEY SP,Planet,30.00,26.20,3.80,,SS Long Pool
522,Shrewton Store,GROUP 2 WINTER,Siskin,130.00,58.44,71.56,,SS Long Pool
522,Shrewton Store,GROUP 2 WINTER,Lili,100.00,146.64,-46.64,,SS Long Pool
522,Shrewton Store,BEANS SPRING,Fuego,30.00,0.00,30.00,,SS Long Pool
522,,FEED WHEAT,,0.00,44.68,-44.68,,
561,Shrewton Store,MALTING BARLEY SP,Propino,163.00,118.38,44.62,,SS Long Pool
561,Shrewton Store,MALTING BARLEY SP,Propino,87.00,147.36,-60.36,,Members Choice
561,Shrewton Store,GROUP 4 SOFT,Revelation,150.00,147.36,2.64,,SS Long Pool
554,Membury Store,MALTING BARLEY SP,Propino,60.00,89.04,-29.04,,SS Long Pool
554,Shrewton Store,GROUP 1 WINTER,Crusoe,250.00,237.62,12.38,,SS Long Pool
554,Membury Store,OILSEED RAPE,Mxd OSR,20.00,13.26,6.74,,SS Long Pool
560,Shrewton Store,MALTING BARLEY SP,Planet,720.00,568.26,151.74,,Members Choice
560,Shrewton Store,GROUP 1 WINTER,Zyatt,720.00,682.96,37.04,,Members Choice
560,Shrewton Store,OILSEED RAPE,Mxd OSR,310.00,368.44,-58.44,,Members Choice
598,Shrewton Store,MALTING BARLEY SP,Propino,145.00,232.62,-87.62,,SS Long Pool
598,Shrewton Store,MALTING BARLEY SP,Propino,60.00,0.00,60.00,,SS Direct Pricing
598,Shrewton Store,GROUP 2 WINTER,Siskin,300.00,205.58,94.42,,SS Long Pool
598,Shrewton Store,OILSEED RAPE,Mxd OSR,90.00,66.62,23.38,,SS Long Pool
626,Shrewton Store,GROUP 1 WINTER,Skyfall,377.00,0.00,377.00,,SS Long Pool
626,Shrewton Store,GROUP 1 WINTER,Skyfall,493.00,0.00,493.00,,SS Direct Pricing
626,Shrewton Store,GROUP 1 WINTER,Skyfall,493.00,"1,323.98",-830.98,,Members Choice
620,Membury Store,OILSEED RAPE,Mxd OSR,170.00,0.00,170.00,,SS Long Pool
620,Membury Store,OILSEED RAPE,Mxd OSR,90.00,199.28,-109.28,,SS Long Pool
620,Shrewton Store,GROUP 1 WINTER,Skyfall,120.00,28.42,91.58,,SS Long Pool
620,Shrewton Store,GROUP 1 WINTER,Crusoe,420.00,173.94,246.06,,SS Long Pool
620,,FEED WHEAT,,0.00,46.36,-46.36,,
612,Shrewton Store,MALTING BARLEY SP,Planet,220.00,0.00,220.00,,SS Long Pool
612,Shrewton Store,MALTING BARLEY SP,Planet,260.00,58.04,201.96,,CMG
612,Shrewton Store,OILSEED RAPE,Mxd OSR,15.00,654.76,-639.76,,SS Long Pool
557,Shrewton Store,OILSEED RAPE,Mxd OSR,100.00,85.38,14.62,,SS Long Pool
593,Shrewton Store,MALTING BARLEY SP,Propino,300.00,236.08,63.92,,SS Long Pool
593,Shrewton Store,GROUP 1 WINTER,Crusoe,252.00,299.52,-47.52,,SS Long Pool
593,Shrewton Store,GROUP 1 WINTER,Skyfall,172.00,179.34,-7.34,,SS Long Pool
593,Shrewton Store,BEANS SPRING,Fuego,144.00,34.60,109.40,,SS Long Pool
593,Shrewton Store,OATS SPRING,Canyon,82.00,94.02,-12.02,,SS Long Pool
523,Shrewton Store,MALTING BARLEY SP,Propino,900.00,870.36,29.64,,SS Long Pool
523,Shrewton Store,GROUP 1 SPRING,Mulika,100.00,86.90,13.10,,SS Long Pool
523,Shrewton Store,GROUP 1 WINTER,Crusoe,300.00,313.52,-13.52,,SS Long Pool
523,Shrewton Store,OILSEED RAPE,Mxd OSR,180.00,147.66,32.34,,SS Long Pool
611,Shrewton Store,MALTING BARLEY SP,Propino,950.00,905.18,44.82,,SS Long Pool
611,Shrewton Store,GROUP 4 HARD,Graham,450.00,206.82,243.18,,SS Long Pool
611,Shrewton Store,GROUP 4 HARD,Crispin,450.00,794.06,-344.06,,SS Long Pool
611,Shrewton Store,GROUP 1 WINTER,Skyfall,130.00,135.96,-5.96,,SS Long Pool
607,Shrewton Store,FEED BARLEY,Mxd Feed Barley,100.00,127.92,-27.92,,SS Long Pool
607,Shrewton Store,GROUP 4 HARD,Graham,300.00,441.26,-141.26,,SS Long Pool
607,Shrewton Store,GROUP 4 HARD,Graham,155.00,0.00,155.00,,Members Choice
607,Shrewton Store,OILSEED RAPE,Mxd OSR,45.00,43.64,1.36,,SS Long Pool
621,Shrewton Store,MALTING BARLEY SP,Propino,200.00,137.60,62.40,,SS Long Pool
621,Shrewton Store,GROUP 2 WINTER,Cordialle,300.00,320.96,-20.96,,SS Long Pool
569,Shrewton Store,MALTING BARLEY SP,Planet,480.00,506.00,-26.00,,SS Long Pool
535,Shrewton Store,MALTING BARLEY SP,Propino,350.00,289.42,60.58,,SS Long Pool
553,Shrewton Store,OILSEED RAPE,Mxd OSR,310.00,231.88,78.12,,Members Choice
584,Shrewton Store,GROUP 1 WINTER,Zyatt,106.00,245.36,-139.36,,SS Long Pool
584,Shrewton Store,GROUP 1 WINTER,Zyatt,106.00,0.00,106.00,,Members Choice
584,Shrewton Store,OILSEED RAPE,Mxd OSR,50.00,71.70,-21.70,,Members Choice
663,Shrewton Store,FEED WHEAT,Mxd Feed,340.00,0.00,340.00,,Members Choice
651,Shrewton Store,GROUP 4 HARD,Costello,266.00,0.00,266.00,,SS Long Pool
651,Shrewton Store,GROUP 4 HARD,Dunston,266.00,115.74,150.26,,SS Long Pool
651,Shrewton Store,OATS SPRING,Canyon,68.00,98.44,-30.44,,SS Long Pool
629,Shrewton Store,FEED BARLEY,Glacier,140.00,119.90,20.10,,SS Long Pool
629,Shrewton Store,GROUP 1 WINTER,Crusoe,200.00,0.00,200.00,,SS Long Pool
629,Shrewton Store,GROUP 1 WINTER,Illustrious,330.00,350.42,-20.42,,SS Long Pool
629,Shrewton Store,BEANS WINTER,Fuego,130.00,0.00,130.00,,SS Long Pool
629,,BEANS SPRING,,0.00,13.36,-13.36,,
629,,FEED WHEAT,,0.00,176.06,-176.06,,
524,Shrewton Store,MALTING BARLEY SP,Laureate,750.00,739.98,10.02,,Members Choice
524,Shrewton Store,GROUP 1 WINTER,Zyatt,200.00,193.36,6.64,,Members Choice
616,Shrewton Store,MALTING BARLEY SP,Propino,210.00,174.36,35.64,,Members Choice
616,Shrewton Store,GROUP 1 WINTER,Zyatt,160.00,111.66,48.34,,Members Choice
616,Shrewton Store,GROUP 4 SOFT,Revelation,150.00,0.00,150.00,,Members Choice
616,Shrewton Store,OILSEED RAPE,Mxd OSR,90.00,83.76,6.24,,Members Choice
616,Shrewton Store,BEANS SPRING,Vertigo,90.00,39.30,50.70,,Members Choice
616,,FEED WHEAT,,0.00,139.10,-139.10,,
589,Shrewton Store,MALTING BARLEY SP,Propino,80.00,67.28,12.72,,SS Long Pool
589,Shrewton Store,GROUP 1 WINTER,Skyfall,100.00,91.32,8.68,,SS Long Pool
610,Shrewton Store,GROUP 2 WINTER,Siskin,0.00,734.98,-734.98,,Members Choice
608,Shrewton Store,MALTING BARLEY SP,Planet,225.00,237.92,-12.92,,SS Long Pool
608,Shrewton Store,GROUP 2 WINTER,Lili,725.00,554.94,170.06,,SS Long Pool
582,Shrewton Store,GROUP 1 WINTER,Crusoe,190.00,137.62,52.38,,Members Choice
594,Shrewton Store,MALTING BARLEY SP,Planet,400.00,355.80,44.20,,SS Long Pool
609,Shrewton Store,GROUP 2 WINTER,Lili,250.00,226.42,23.58,,SS Long Pool
665,Shrewton Store,GROUP 4 HARD,Graham,600.00,0.00,600.00,,Members Choice
618,Shrewton Store,MALTING BARLEY SP,Propino,320.00,223.26,96.74,,SS Long Pool
618,Shrewton Store,GROUP 1 WINTER,Skyfall,30.00,0.00,30.00,,SS Long Pool
650,Shrewton Store,GROUP 1 WINTER,Crusoe,222.00,323.10,-101.10,,SS Long Pool
650,Shrewton Store,GROUP 1 WINTER,Zyatt,223.00,116.86,106.14,,SS Long Pool
650,Shrewton Store,BEANS WINTER,Wizard,155.00,86.82,68.18,,SS Long Pool
588,Shrewton Store,FEED BARLEY,Hacker,80.00,112.60,-32.60,,SS Long Pool
588,Shrewton Store,OILSEED RAPE,Mxd OSR,67.00,85.68,-18.68,,SS Long Pool
588,Shrewton Store,GROUP 4 HARD,Graham,168.00,169.52,-1.52,,SS Long Pool
539,Shrewton Store,GROUP 3 SOFT,Claire,180.00,0.00,180.00,,SS Long Pool
539,Shrewton Store,GROUP 4 HARD,Graham,190.00,362.22,-172.22,,SS Long Pool
539,Membury Store,OILSEED RAPE,Mxd OSR,120.00,142.32,-22.32,,SS Long Pool
539,Shrewton Store,BEANS WINTER,Wizard,110.00,63.36,46.64,,SS Long Pool
643,Shrewton Store,GROUP 2 WINTER,Siskin,265.00,177.18,87.82,,SS Long Pool
643,Shrewton Store,OILSEED RAPE,Mxd OSR,85.00,112.46,-27.46,,SS Long Pool
573,Shrewton Store,GROUP 1 WINTER,Crusoe,340.00,353.40,-13.40,,SS Long Pool
573,Shrewton Store,GROUP 4 HARD,Costello,106.00,313.90,-207.90,,SS Long Pool
573,Shrewton Store,OILSEED RAPE,Mxd OSR,111.00,102.06,8.94,,SS Long Pool
573,Shrewton Store,OATS SPRING,Canyon,134.00,106.48,27.52,,SS Long Pool
573,Shrewton Store,BEANS SPRING,Fuego,57.00,48.32,8.68,,SS Long Pool
573,Shrewton Store,GROUP 4 HARD,Costello,200.00,0.00,200.00,,Members Choice
655,Shrewton Store,MALTING BARLEY SP,Laureate,350.00,0.00,350.00,,Members Choice
655,Shrewton Store,MALTING BARLEY SP,Propino,250.00,601.92,-351.92,,Members Choice
655,Shrewton Store,GROUP 1 WINTER,Crusoe,150.00,195.28,-45.28,,Members Choice
617,Shrewton Store,MALTING BARLEY SP,Propino,116.00,117.30,-1.30,,SS Long Pool
617,Shrewton Store,GROUP 1 WINTER,Crusoe,58.00,116.30,-58.30,,SS Long Pool
617,Shrewton Store,GROUP 1 WINTER,Crusoe,58.00,0.00,58.00,,SS Direct Pricing
617,Shrewton Store,GROUP 2 WINTER,Siskin,58.00,0.00,58.00,,SS Direct Pricing
617,Shrewton Store,GROUP 2 WINTER,Siskin,58.00,0.00,58.00,,SS Long Pool
606,Shrewton Store,GROUP 4 HARD,Graham,260.00,0.00,260.00,,Members Choice
555,Shrewton Store,MALTING BARLEY W,Venture,90.00,107.30,-17.30,,SS Long Pool
555,Shrewton Store,MALTING BARLEY SP,Propino,110.00,97.46,12.54,,SS Long Pool
555,Shrewton Store,GROUP 2 WINTER,Cordialle,150.00,59.12,90.88,,SS Long Pool
555,Membury Store,OILSEED RAPE,Mxd OSR,100.00,127.34,-27.34,,SS Long Pool
579,Membury Store,GROUP 1 WINTER,Skyfall,58.00,0.00,58.00,,SS Long Pool
646,Shrewton Store,MALTING BARLEY SP,Planet,86.00,88.08,-2.08,,SS Long Pool
646,Shrewton Store,GROUP 1 WINTER,Crusoe,114.00,119.16,-5.16,,SS Long Pool
549,Camgrain,MALTING BARLEY SP,Planet,185.00,213.46,-28.46,,SS Long Pool
549,Camgrain,GROUP 1 WINTER,Crusoe,615.00,630.42,-15.42,,SS Long Pool
549,Shrewton Store,GROUP 1 WINTER,Crusoe,125.00,177.64,-52.64,,SS Long Pool
549,Camgrain,OILSEED RAPE,Mxd OSR,200.00,154.70,45.30,,SS Long Pool
549,Shrewton Store,BEANS WINTER,Tundra,120.00,87.28,32.72,,SS Long Pool
580,Shrewton Store,MALTING BARLEY SP,Planet,50.00,0.00,50.00,,SS Long Pool
580,Shrewton Store,GROUP 4 HARD,JB Diego,100.00,110.52,-10.52,,SS Long Pool
580,Shrewton Store,OATS SPRING,Canyon,50.00,26.38,23.62,,SS Long Pool
580,,FEED BARLEY,,0.00,23.86,-23.86,,
599,Membury Store,GROUP 1 WINTER,Skyfall,120.00,0.00,120.00,,SS Long Pool
599,Membury Store,OILSEED RAPE,Mxd OSR,60.00,28.76,31.24,,SS Long Pool
640,Shrewton Store,BEANS WINTER,Tundra,100.00,46.62,53.38,,SS Long Pool
666,Shrewton Store,MALTING BARLEY SP,Propino,87.00,88.60,-1.60,,Members Choice
568,Membury Store,GROUP 1 WINTER,Skyfall,230.00,290.12,-60.12,,SS Long Pool
527,Shrewton Store,GROUP 4 HARD,JB Diego,200.00,200.02,-0.02,,SS Long Pool
633,Shrewton Store,GROUP 1 WINTER,Crusoe,500.00,429.30,70.70,,Members Choice
563,Shrewton Store,MALTING BARLEY SP,Planet,306.00,312.10,-6.10,,SS Long Pool
563,Shrewton Store,GROUP 1 WINTER,Crusoe,266.00,262.36,3.64,,SS Long Pool
562,Shrewton Store,MALTING BARLEY SP,Propino,260.00,518.18,-258.18,,SS Direct Pricing
562,Shrewton Store,OATS SPRING,Canyon,420.00,388.60,31.40,,SS Long Pool
585,Shrewton Store,MALTING BARLEY SP,Propino,375.00,264.12,110.88,,SS Long Pool
585,Shrewton Store,MALTING BARLEY SP,Planet,40.00,29.98,10.02,,SS Long Pool
585,Shrewton Store,GROUP 1 WINTER,Skyfall,200.00,147.70,52.30,,SS Long Pool
585,Shrewton Store,GROUP 1 WINTER,Illustrious,170.00,147.24,22.76,,SS Long Pool
585,Shrewton Store,OATS SPRING,Canyon,150.00,102.98,47.02,,SS Long Pool
529,Shrewton Store,MALTING BARLEY SP,Propino,250.00,209.54,40.46,,SS Long Pool
529,Shrewton Store,GROUP 1 WINTER,Skyfall,550.00,530.32,19.68,,SS Long Pool
529,Shrewton Store,OILSEED RAPE,Mxd OSR,100.00,100.20,-0.20,,SS Long Pool
572,Membury Store,GROUP 1 WINTER,Skyfall,200.00,210.62,-10.62,,Members Choice
531,Shrewton Store,MALTING BARLEY SP,Propino,630.00,652.48,-22.48,,SS Long Pool
531,Shrewton Store,GROUP 4 HARD,Graham,505.00,494.72,10.28,,SS Long Pool
531,Shrewton Store,GROUP 4 SOFT,Sundance,490.00,547.00,-57.00,,SS Long Pool
531,Shrewton Store,OILSEED RAPE,Mxd OSR,215.00,202.18,12.82,,SS Long Pool
531,Shrewton Store,OATS SPRING,Canyon,250.00,225.88,24.12,,SS Long Pool
654,Shrewton Store,GROUP 4 HARD,Crispin,200.00,145.96,54.04,,SS Long Pool
630,Shrewton Store,OILSEED RAPE,Mxd OSR,60.00,66.62,-6.62,,SS Long Pool
632,Shrewton Store,GROUP 1 WINTER,Skyfall,300.00,289.12,10.88,,Members Choice
532,Shrewton Store,GROUP 2 WINTER,Lili,282.00,338.56,-56.56,,SS Long Pool
532,Shrewton Store,GROUP 1 WINTER,Crusoe,230.00,238.52,-8.52,,SS Long Pool
532,Shrewton Store,GROUP 2 WINTER,Siskin,300.00,346.54,-46.54,,SS Long Pool
532,Shrewton Store,OILSEED RAPE,Mxd OSR,127.00,119.10,7.90,,SS Long Pool
532,Shrewton Store,OILSEED RAPE,Mxd OSR,127.00,149.58,-22.58,,Members Choice
619,Shrewton Store,MALTING BARLEY SP,Planet,450.00,499.70,-49.70,,Members Choice
513,Shrewton Store,GROUP 1 WINTER,Skyfall,100.00,117.84,-17.84,,SS Double Use
634,Shrewton Store,OILSEED RAPE,Mxd OSR,85.00,82.74,2.26,,SS Double Use
565,Shrewton Store,GROUP 1 WINTER,Crusoe,87.00,63.76,23.24,,SS Double Use
565,Shrewton Store,GROUP 4 HARD,Graham,29.00,0.00,29.00,,SS Double Use
565,Shrewton Store,OILSEED RAPE,Mxd OSR,87.00,86.16,0.84,,SS Double Use
637,Shrewton Store,GROUP 1 WINTER,Skyfall,30.00,29.66,0.34,,SS Double Use
516,Shrewton Store,GROUP 1 WINTER,Skyfall,45.00,58.92,-13.92,,SS Double Use
516,Shrewton Store,GROUP 1 WINTER,Trinity,30.00,29.22,0.78,,SS Double Use
518,Shrewton Store,FEED BARLEY,Bazooka,120.00,110.80,9.20,,SS Double Use
518,Shrewton Store,OATS SPRING,Canyon,180.00,114.64,65.36,,SS Double Use
521,Micheldever Store,GROUP 3 SOFT,Basset,40.00,0.00,40.00,,SS Double Use
521,,FEED WHEAT,,0.00,29.64,-29.64,,
522,Shrewton Store,FEED BARLEY,Cassia,120.00,0.00,120.00,,SS Double Use
522,Shrewton Store,FEED BARLEY,Orwell,20.00,175.22,-155.22,,SS Double Use
522,Shrewton Store,GROUP 2 WINTER,Siskin,30.00,29.74,0.26,,SS Double Use
522,Shrewton Store,GROUP 4 HARD,JB Diego,70.00,58.08,11.92,,SS Double Use
561,Shrewton Store,FEED BARLEY,Bazooka,200.00,175.94,24.06,,SS Double Use
561,Shrewton Store,OILSEED RAPE,Mxd OSR,100.00,90.04,9.96,,SS Double Use
621,Shrewton Store,FEED BARLEY,California,120.00,119.12,0.88,,SS Double Use
621,Shrewton Store,MALTING BARLEY SP,Propino,50.00,29.46,20.54,,SS Double Use
621,Shrewton Store,GROUP 2 WINTER,Cordialle,230.00,89.14,140.86,,SS Double Use
553,Shrewton Store,OILSEED RAPE,Mxd OSR,50.00,56.90,-6.90,,SS Double Use
529,Shrewton Store,OILSEED RAPE,Mxd OSR,30.00,0.00,30.00,,SS Double Use
600,Shrewton Store,FEED BARLEY,Tower,150.00,136.18,13.82,,SS Long Pool
600,Shrewton Store,GROUP 2 WINTER,Willow,250.00,89.20,160.80,,SS Long Pool
600,Shrewton Store,GROUP 2 WINTER,Siskin,300.00,283.66,16.34,,SS Long Pool
600,Shrewton Store,GROUP 4 HARD,Anapolis,180.00,176.90,3.10,,SS Long Pool
600,Shrewton Store,BEANS WINTER,Wizard,25.00,0.00,25.00,,SS Long Pool
600,,BEANS SPRING,,0.00,18.14,-18.14,,
600,,FEED WHEAT,,0.00,51.28,-51.28,,
675,Micheldever Store,GROUP 1 WINTER,Crusoe,250.00,384.66,-134.66,,SS Long Pool
675,,FEED BARLEY,,0.00,29.38,-29.38,,
0,Micheldever Store,OILSEED RAPE,Mxd OSR,105.00,85.96,19.04,,SS Double Use
72,Micheldever Store,FEED BARLEY,Mxd Feed Barley,300.00,620.04,-320.04,,Members Choice
72,Micheldever Store,MALTING BARLEY SP,Planet,200.00,641.00,-441.00,,SS Direct Pricing
717,,FEED BARLEY,,0.00,9.54,-9.54,,
274,Membury Store,GROUP 1 WINTER,Skyfall,350.00,335.84,14.16,,Members Choice
129,,MALTING BARLEY SP,,0.00,432.36,-432.36,,
129,,MALTING BARLEY SP,,0.00,85.92,-85.92,,
129,,MALTING BARLEY SP,,0.00,"3,537.62","-3,537.62",,
129,,MALTING BARLEY SP,,0.00,377.88,-377.88,,
129,,MALTING BARLEY SP,,0.00,28.78,-28.78,,
129,,MALTING BARLEY SP,,0.00,"4,269.74","-4,269.74",,
509,Micheldever Store,BEANS SPRING,Fuego,45.00,12.44,32.56,,SS Long Pool
509,Micheldever Store,OATS SPRING,Canyon,75.00,55.89,19.11,,SS Long Pool
509,,FEED WHEAT,,0.00,29.64,-29.64,,
658,Membury Store,MALTING BARLEY SP,Propino,240.00,173.88,66.12,,SS Long Pool
658,Shrewton Store,GROUP 1 WINTER,Crusoe,174.00,591.90,-417.90,,SS Long Pool
658,Shrewton Store,GROUP 1 WINTER,Crusoe,174.00,0.00,174.00,,SS Direct Pricing
658,Shrewton Store,GROUP 1 WINTER,Crusoe,203.00,0.00,203.00,,Members Choice
130,Shrewton Store,MALTING BARLEY SP,Planet,400.00,380.00,20.00,,Members Choice
130,Shrewton Store,MALTING BARLEY SP,Odyssey,800.00,576.90,223.10,,Members Choice
130,,FEED BARLEY,,0.00,394.48,-394.48,,
130,,FEED BARLEY,,0.00,28.98,-28.98,,
130,,FEED BARLEY,,0.00,28.74,-28.74,,
130,,OATS SPRING,,0.00,29.02,-29.02,,
130,,OATS SPRING,,0.00,247.44,-247.44,,
130,,OATS SPRING,,0.00,23.60,-23.60,,
695,Shrewton Store,MALTING BARLEY SP,Planet,125.00,119.70,5.30,,Members Choice
129,Micheldever Store,FEED BARLEY,Mxd Feed Barley,300.00,409.18,-109.18,,Members Choice
130,,FEED BARLEY,,0.00,29.34,-29.34,,
Client Intentions,10:03: AM,01/12/2018,Page -1 of 1,,,,,
